id,name,balance
1,Maitilde,$736.52
2,Bridget,$237.17
3,Zollie,$867.01
4,Regen,$319.51
5,Jany,$114.07
6,Yul,$588.93
7,Evaleen,$365.00
8,Grant,$884.67
9,Gus,$933.61
10,Vivien,$278.34
11,Salem,$858.12
12,Puff,$342.36
13,Valma,$140.87
14,Wat,$495.87
15,Costa,$322.52
16,Neddy,$901.64
17,Hewe,$925.02
18,Roberto,$467.88
19,Valene,$947.09
20,Zebadiah,$704.05
21,Creigh,$387.09
22,Shirline,$384.74
23,Jo ann,$941.76
24,Sharyl,$220.61
25,Dulsea,$455.92
26,Virgina,$191.61
27,Augustina,$134.54
28,Marijo,$205.69
29,Huntington,$138.08
30,Nathanil,$542.31
31,Cory,$405.35
32,Silas,$450.34
33,Lonnie,$761.72
34,Sisile,$417.52
35,Forester,$662.85
36,Philip,$866.68
37,Arther,$230.91
38,Dosi,$516.22
39,Andrey,$568.87
40,Kissiah,$782.70
41,Hetty,$478.49
42,Allistir,$329.66
43,Deane,$951.02
44,Alejoa,$854.82
45,Brnaba,$127.01
46,Audrie,$760.48
47,Virgie,$126.03
48,Aridatha,$721.25
49,Jo-anne,$209.66
50,Sigrid,$810.12
51,Margarete,$678.64
52,Hilary,$22.48
53,Any,$54.75
54,Lucien,$56.08
55,Kai,$216.26
56,Trueman,$628.72
57,Fanechka,$204.86
58,Jacqueline,$534.52
59,Koenraad,$71.68
60,Bobbee,$326.83
61,Tate,$323.08
62,Madel,$770.23
63,Griffie,$732.97
64,Irvine,$150.43
65,Kathryn,$877.43
66,Willey,$298.38
67,Norton,$423.09
68,Orv,$926.26
69,Letisha,$153.24
70,Steward,$466.67
71,Jacquetta,$30.15
72,Tristam,$358.67
73,Bale,$362.51
74,Nadia,$980.90
75,Carl,$86.87
76,Wilona,$680.24
77,Lula,$542.35
78,Beverie,$439.68
79,Guillaume,$991.28
80,Georgette,$545.15
81,Delcina,$638.24
82,Taddeo,$173.65
83,Leon,$105.37
84,Emelia,$232.78
85,Katee,$616.91
86,Melitta,$857.16
87,Gabe,$5.48
88,Chip,$96.83
89,Joli,$531.60
90,Carmelina,$802.71
91,Jacinthe,$986.43
92,Ara,$631.44
93,Colline,$368.80
94,Teador,$255.24
95,Estele,$25.23
96,Morty,$483.04
97,Webster,$24.23
98,Carrissa,$965.13
99,Shaina,$564.61
100,Dennis,$769.49
101,Gerard,$556.97
102,Hollie,$449.16
103,Dalia,$615.64
104,Margy,$7.79
105,Morgana,$569.60
106,Denis,$443.35
107,Philippa,$591.65
108,Cindra,$791.36
109,Winni,$420.31
110,Ossie,$888.84
111,Aldwin,$61.09
112,Retha,$485.53
113,Tony,$236.59
114,Land,$781.37
115,Arlana,$618.71
116,Gothart,$542.44
117,Cornie,$326.38
118,Latrina,$14.45
119,Allianora,$387.81
120,Jillayne,$208.27
121,Mohammed,$909.80
122,Natasha,$561.90
123,Oriana,$645.74
124,Chloris,$688.23
125,Lowell,$651.53
126,Courtnay,$832.64
127,Artur,$181.76
128,Shadow,$603.35
129,Yettie,$293.86
130,Grange,$1.11
131,Lise,$512.29
132,Theadora,$96.15
133,Curtis,$427.04
134,Nigel,$158.58
135,Roxine,$832.09
136,Brenda,$538.50
137,Shannah,$378.23
138,Anjela,$242.60
139,Dareen,$664.76
140,Hester,$130.45
141,Kristopher,$566.79
142,Cayla,$93.98
143,Netta,$407.10
144,Leslie,$16.73
145,Vallie,$675.46
146,Lewes,$767.84
147,Kimbra,$36.25
148,Ofelia,$123.14
149,Cherie,$146.34
150,Brittne,$558.94
151,Mylo,$900.56
152,Kelsey,$721.96
153,Regine,$755.73
154,Eryn,$781.37
155,Shaun,$699.06
156,Cele,$807.73
157,Klara,$926.71
158,Rani,$787.28
159,Delora,$243.68
160,Deedee,$735.38
161,Feliza,$967.35
162,Candie,$189.20
163,Ulrika,$968.90
164,Rolland,$360.06
165,Danyelle,$510.53
166,Calypso,$796.71
167,Violante,$86.07
168,Jacklyn,$338.78
169,Sibella,$979.91
170,Rubia,$412.35
171,Matty,$617.57
172,Silvia,$516.28
173,Devondra,$895.02
174,Rana,$809.51
175,Deane,$240.39
176,Rayshell,$892.59
177,Eldredge,$437.15
178,Talbot,$995.42
179,Lurline,$298.04
180,Ortensia,$270.78
181,Aubry,$787.90
182,Rosalind,$790.43
183,Lynnette,$15.05
184,Palmer,$746.17
185,Junina,$903.26
186,Ceciley,$619.78
187,Verla,$524.57
188,Garvy,$860.83
189,Sherry,$681.92
190,Robbert,$481.20
191,Koressa,$718.09
192,Guillemette,$891.08
193,Annabelle,$777.24
194,Layla,$229.98
195,Cristionna,$847.64
196,Caryl,$912.57
197,Boot,$745.81
198,Ganny,$782.34
199,Crawford,$790.12
200,Tracie,$844.45
201,Jacinda,$100.31
202,Jessalin,$145.12
203,Nanci,$525.68
204,Vick,$936.46
205,Kele,$271.98
206,Ibbie,$515.49
207,Gavin,$108.16
208,Camile,$319.86
209,Samaria,$415.56
210,Verine,$224.10
211,Dunc,$821.77
212,Andris,$730.37
213,Eddie,$376.72
214,Giorgi,$3.97
215,Sonny,$370.34
216,Roger,$76.46
217,Debbie,$406.33
218,Rita,$938.15
219,Stu,$542.30
220,Lesly,$391.03
221,Valerie,$512.05
222,Berti,$911.37
223,Lanie,$761.84
224,Lisette,$160.95
225,Roosevelt,$500.60
226,Trixy,$633.71
227,Jere,$914.99
228,Harli,$678.98
229,Tucky,$200.00
230,Guendolen,$108.53
231,Levin,$534.41
232,Danit,$481.61
233,Corey,$718.48
234,Jermaine,$144.28
235,Klarika,$298.78
236,Devy,$155.10
237,Dante,$768.91
238,Vonnie,$484.34
239,Antonie,$959.23
240,Jenni,$480.46
241,Emmett,$980.21
242,Leila,$659.51
243,Willard,$211.61
244,Bo,$265.79
245,Tracie,$721.26
246,Constantia,$447.13
247,Fee,$799.76
248,Cirstoforo,$476.82
249,Mike,$819.61
250,Damian,$805.87
251,Kellie,$888.35
252,Bernardo,$778.89
253,Madge,$938.90
254,Melvyn,$779.27
255,Roanne,$495.63
256,Case,$56.57
257,Hayes,$883.40
258,Patrick,$738.71
259,Rae,$698.13
260,Elsy,$330.56
261,Nicoline,$937.17
262,Alejandrina,$808.17
263,Tybie,$170.39
264,Maje,$293.59
265,Ailey,$300.87
266,Teddy,$937.25
267,Rosemary,$126.92
268,Micah,$590.20
269,Thedrick,$777.15
270,Amberly,$0.25
271,Kym,$377.59
272,Melodee,$404.58
273,Fielding,$925.16
274,Rubina,$858.64
275,Gunter,$449.75
276,Kip,$148.99
277,Leanor,$532.72
278,Nevins,$942.11
279,Analiese,$719.80
280,Arturo,$601.39
281,Noam,$174.89
282,Nickolas,$767.46
283,Andie,$831.71
284,Deanne,$298.68
285,Clarissa,$738.28
286,Shurlock,$102.60
287,Alicia,$201.05
288,Edita,$392.31
289,Horton,$671.16
290,Cos,$854.33
291,Fairfax,$368.15
292,Stefanie,$888.12
293,Marjory,$414.55
294,Gwendolyn,$634.81
295,Jocelyn,$320.77
296,Lowell,$991.09
297,Lara,$674.52
298,Pasquale,$924.47
299,Egbert,$455.00
300,Oralee,$936.75
301,Kristyn,$963.87
302,Rand,$191.43
303,Georgie,$324.36
304,Cort,$811.11
305,Hubey,$394.01
306,Shea,$576.70
307,Mel,$534.76
308,Cole,$97.58
309,Carmina,$11.72
310,Parker,$400.87
311,Leland,$315.68
312,Redd,$64.52
313,Bernhard,$302.73
314,Astrix,$649.68
315,Ange,$661.69
316,Ashlin,$46.03
317,Nathaniel,$369.79
318,Anders,$370.29
319,Mose,$741.81
320,Dunc,$435.96
321,Keriann,$851.02
322,Matthaeus,$596.82
323,Gun,$511.51
324,Alvina,$833.11
325,Meredith,$781.69
326,Meris,$981.86
327,Johnny,$570.51
328,Val,$32.90
329,Irina,$847.10
330,Noemi,$192.82
331,Lindy,$473.40
332,Jody,$973.52
333,Leyla,$398.39
334,Janenna,$329.41
335,Teodoor,$578.73
336,Isidor,$293.74
337,Joellen,$131.05
338,Dodie,$106.09
339,Adrian,$500.75
340,Dunstan,$941.48
341,Olympe,$948.15
342,Hesther,$729.71
343,Harri,$522.82
344,Violet,$756.36
345,Keelia,$494.79
346,Juliana,$18.60
347,Norri,$79.18
348,Evey,$683.39
349,Willie,$105.77
350,Lorrie,$583.85
351,Masha,$659.93
352,Dall,$971.00
353,Erhart,$784.15
354,Geoff,$404.53
355,Derek,$266.54
356,Laurie,$784.33
357,Edlin,$675.82
358,Cynthia,$168.85
359,Ivan,$250.36
360,Vidovic,$835.62
361,Elysha,$385.13
362,Mallory,$935.63
363,Beverie,$380.27
364,Garry,$297.48
365,Issy,$227.94
366,Hercule,$706.71
367,Brucie,$816.89
368,Kylie,$511.72
369,Glyn,$366.15
370,Jeni,$779.96
371,Noemi,$144.96
372,Harley,$980.89
373,Annabelle,$856.72
374,Tybalt,$169.04
375,Pearce,$182.09
376,Yovonnda,$785.26
377,Darice,$462.22
378,Kenneth,$337.94
379,Mathilda,$958.47
380,Dena,$600.65
381,Elliott,$550.00
382,Natalina,$591.13
383,Jaynell,$692.53
384,Christabella,$625.09
385,Kipper,$331.18
386,Desirae,$973.78
387,Kennan,$861.32
388,Sheelagh,$708.37
389,Evanne,$870.98
390,Joyan,$747.43
391,Lorianne,$569.14
392,Vivi,$358.19
393,Rudy,$194.12
394,Alexandr,$981.42
395,Holden,$71.99
396,Irv,$942.50
397,Luciano,$397.86
398,Ronny,$629.44
399,Bradly,$41.75
400,Ryon,$373.91
401,Eddy,$810.37
402,Tirrell,$625.17
403,Polly,$682.01
404,Lianne,$272.73
405,Brandy,$610.66
406,Ibby,$816.15
407,Cammy,$260.60
408,Adela,$992.20
409,Leopold,$314.99
410,Rey,$303.11
411,Salem,$63.12
412,Edi,$458.98
413,Nixie,$756.59
414,Harmony,$632.90
415,Cornela,$678.85
416,Ursula,$417.95
417,Shana,$121.74
418,Roberta,$396.32
419,Sabine,$291.90
420,Sherie,$741.97
421,Annissa,$26.88
422,Connie,$812.72
423,Vikki,$564.60
424,Ulrick,$769.84
425,Minna,$220.40
426,Delano,$235.92
427,Camey,$924.44
428,Janos,$695.95
429,Delbert,$895.93
430,Sonja,$551.68
431,Karyn,$409.13
432,Marybelle,$207.10
433,Natalee,$911.90
434,Maxim,$404.86
435,Sosanna,$466.68
436,Gael,$831.80
437,Ermanno,$77.98
438,Emlyn,$275.44
439,Maureen,$436.20
440,Jean,$236.74
441,Nat,$732.14
442,Barbie,$149.78
443,Katerina,$548.47
444,Mord,$333.22
445,Dotti,$382.90
446,Alvinia,$935.77
447,Hurleigh,$794.48
448,Sheilakathryn,$15.08
449,Cliff,$720.78
450,Cory,$349.61
451,Petr,$185.21
452,Lindy,$714.79
453,Avery,$198.17
454,Mame,$704.98
455,Lanie,$997.12
456,De witt,$786.33
457,Cy,$328.17
458,Chad,$694.11
459,Niki,$763.16
460,Sharona,$763.00
461,Sawyere,$416.76
462,Stephine,$651.71
463,Neville,$279.66
464,Ophelia,$458.91
465,Teddie,$562.10
466,William,$327.06
467,Trix,$235.20
468,Hanson,$635.45
469,Jesus,$866.27
470,Ludvig,$872.05
471,Michel,$472.64
472,Peterus,$451.84
473,Petey,$944.48
474,Collete,$185.02
475,Fawne,$236.54
476,Regan,$397.72
477,Even,$415.87
478,Hilliard,$38.70
479,Kathryn,$430.75
480,Corey,$760.12
481,Katti,$388.23
482,Eleen,$437.80
483,Deck,$972.15
484,Allissa,$315.02
485,Rhea,$306.17
486,Phillida,$868.08
487,Minna,$176.67
488,Lyn,$613.24
489,Abbe,$970.94
490,Marina,$984.57
491,Dedie,$870.41
492,Taryn,$370.15
493,Delphinia,$45.19
494,Teodorico,$784.77
495,Susanetta,$522.84
496,Wait,$258.91
497,Felice,$380.16
498,Hartley,$260.35
499,Harold,$322.83
500,Pippa,$10.08
501,Olav,$16.38
502,Gardie,$100.46
503,Claire,$356.59
504,Chrissie,$838.32
505,Walden,$529.04
506,Fitz,$53.59
507,Eleanor,$344.57
508,Nanette,$638.69
509,Dudley,$40.59
510,Annnora,$212.49
511,Melinde,$994.72
512,Fletch,$884.49
513,Sanderson,$720.49
514,Harris,$713.07
515,Leelah,$849.25
516,Ashia,$216.23
517,Ash,$219.96
518,Maisie,$92.73
519,Missy,$44.88
520,Tadeas,$729.51
521,Shelley,$577.59
522,Melisse,$906.53
523,Lorri,$38.43
524,Claudianus,$114.83
525,Magdalen,$623.18
526,Blair,$600.04
527,Marcy,$775.12
528,Norry,$545.01
529,Dominique,$960.02
530,Faulkner,$115.35
531,Batholomew,$913.96
532,Kimberli,$644.96
533,Bill,$671.98
534,Sollie,$597.60
535,Roxi,$738.97
536,Tansy,$473.23
537,Jessika,$909.84
538,Uri,$886.44
539,Burch,$983.40
540,Issi,$998.93
541,Roseann,$618.48
542,Ronny,$888.74
543,Shaylyn,$294.69
544,Herculie,$183.40
545,Adrianne,$686.54
546,Katey,$769.80
547,Ricki,$837.94
548,Drusilla,$851.36
549,Brooke,$685.29
550,Alexis,$618.80
551,Betty,$953.69
552,Fabien,$855.85
553,Briggs,$860.24
554,Goldie,$15.72
555,Cordie,$770.30
556,Odette,$323.02
557,Normie,$495.93
558,Demeter,$587.32
559,Thornie,$817.66
560,Heath,$236.13
561,Tonya,$117.34
562,Max,$886.29
563,Ewen,$78.96
564,Luce,$248.94
565,Wolfgang,$536.46
566,Perceval,$650.32
567,Roland,$162.42
568,Latia,$854.12
569,Petunia,$602.92
570,Godfree,$993.02
571,Ange,$984.94
572,Bendick,$189.82
573,Harry,$496.75
574,Moss,$749.45
575,Erin,$495.81
576,Giuditta,$461.49
577,Vivienne,$695.45
578,Nicole,$585.69
579,Norine,$972.39
580,Royal,$713.80
581,Yurik,$127.47
582,Hunter,$143.10
583,Feodor,$329.94
584,Jeniffer,$891.37
585,Ronna,$949.50
586,Siusan,$240.60
587,Melony,$676.49
588,Esme,$273.75
589,Letisha,$516.99
590,Karrie,$577.43
591,Patty,$486.01
592,Gabbie,$656.45
593,Florance,$429.49
594,Camala,$6.89
595,Mitch,$687.83
596,Augustin,$893.72
597,Sharona,$930.75
598,Millicent,$562.45
599,Yanaton,$421.28
600,Jayne,$85.10
601,Arin,$498.39
602,Shea,$17.66
603,Benedetta,$207.36
604,Lou,$728.52
605,Demetria,$254.16
606,Karola,$408.77
607,Scot,$205.63
608,Tiertza,$661.21
609,Dniren,$339.64
610,Sheryl,$604.86
611,Ashlee,$512.98
612,Maximo,$116.03
613,Nikolai,$748.40
614,Nickie,$900.24
615,Borg,$573.78
616,Padget,$766.97
617,Hedwig,$972.29
618,Vernen,$874.96
619,Javier,$257.04
620,Nita,$380.67
621,Jesse,$701.08
622,Libbi,$592.98
623,Levon,$579.57
624,Rob,$563.74
625,Carney,$8.56
626,Loleta,$276.67
627,Isahella,$455.38
628,Jennette,$336.09
629,Katheryn,$658.88
630,Grange,$319.73
631,Lin,$880.53
632,Pyotr,$271.71
633,Lamond,$566.50
634,Marmaduke,$891.71
635,Jsandye,$373.06
636,Elset,$851.62
637,Ruperta,$161.77
638,Tybalt,$448.98
639,Arley,$593.40
640,Angelle,$295.20
641,Simone,$753.71
642,Tobias,$972.41
643,Vincenz,$166.54
644,Neely,$371.92
645,Glenden,$171.22
646,Perry,$32.48
647,Elijah,$34.88
648,Maryjane,$78.57
649,Candida,$908.24
650,Jammal,$845.99
651,Claire,$863.57
652,Guinna,$232.16
653,Wells,$405.42
654,Dalis,$808.42
655,Sarette,$181.03
656,Yanaton,$137.03
657,Max,$860.58
658,Huntlee,$38.79
659,Camella,$535.23
660,Stormy,$300.97
661,Rayshell,$577.12
662,Zola,$60.97
663,Louisette,$952.22
664,Costanza,$511.11
665,Nicol,$208.80
666,Zelda,$558.03
667,Norbie,$280.68
668,Arlan,$977.84
669,Carena,$712.44
670,Sallyann,$644.60
671,Hugh,$144.20
672,Beryle,$469.51
673,Clem,$462.22
674,Harris,$983.25
675,Cosme,$165.87
676,Lion,$8.90
677,Humfried,$551.82
678,Dacey,$50.20
679,Athene,$253.65
680,Guendolen,$680.59
681,Rakel,$182.61
682,Eliza,$587.09
683,Clare,$625.76
684,Worthington,$282.47
685,Thorpe,$641.48
686,Birgit,$895.26
687,Coral,$203.21
688,Liz,$962.44
689,Eliza,$302.47
690,Othilie,$643.81
691,Osbourne,$372.78
692,Nannette,$343.34
693,Patton,$284.41
694,Kip,$558.03
695,Sella,$18.94
696,Faustine,$730.51
697,Kristoffer,$983.82
698,Cully,$699.48
699,Rosalie,$860.27
700,Natalya,$167.02
701,Suki,$299.85
702,Bran,$603.35
703,Obadias,$797.82
704,Greg,$377.91
705,Levey,$903.69
706,Kellen,$125.08
707,Kathie,$969.26
708,Thomasin,$253.89
709,Zedekiah,$936.06
710,Marlie,$595.36
711,Fiorenze,$895.47
712,Kipper,$5.52
713,Deanne,$549.27
714,Blayne,$428.50
715,Cassy,$545.58
716,Marissa,$736.70
717,Donia,$895.09
718,Olimpia,$586.42
719,Cecilio,$633.09
720,Vinnie,$95.93
721,Catlin,$562.77
722,Mimi,$666.74
723,Padraic,$827.74
724,Rodd,$320.02
725,Aeriell,$908.80
726,Melinde,$916.29
727,Davine,$137.35
728,Latashia,$625.00
729,Esmeralda,$788.42
730,Somerset,$45.12
731,Olimpia,$165.24
732,Darcee,$944.60
733,Dionis,$914.93
734,Veronike,$877.06
735,Granthem,$7.48
736,Berti,$886.06
737,Eudora,$339.70
738,Esme,$756.16
739,Rosa,$465.43
740,Berte,$102.73
741,Chancey,$349.62
742,Nickie,$239.00
743,Marylin,$487.67
744,Amandy,$616.73
745,Lizette,$884.75
746,Jami,$918.86
747,Gino,$450.45
748,Arnaldo,$426.67
749,Adriane,$91.45
750,Rurik,$618.13
751,Annice,$223.42
752,Lowell,$448.09
753,Max,$202.95
754,Buckie,$940.08
755,Bonnibelle,$795.20
756,Edward,$619.01
757,Roobbie,$801.81
758,Ludovika,$964.74
759,Niel,$476.57
760,Jo-anne,$931.91
761,Ruthanne,$283.31
762,Bradley,$167.88
763,Andros,$832.12
764,Tab,$350.73
765,Alvie,$781.97
766,Rodd,$844.66
767,Berkie,$788.21
768,Fowler,$758.17
769,Junette,$878.04
770,Maurita,$890.80
771,Austine,$867.26
772,Kelwin,$293.40
773,Esme,$54.27
774,Melissa,$222.12
775,Veda,$864.73
776,Cortie,$750.01
777,Grata,$958.86
778,Franzen,$45.28
779,Ronda,$841.19
780,Godart,$899.02
781,Lucais,$631.53
782,Blythe,$304.55
783,Ted,$391.51
784,Heath,$391.39
785,Shawnee,$392.88
786,Adeline,$629.64
787,Geoffrey,$144.55
788,Jannelle,$343.82
789,Roland,$104.17
790,Mignonne,$139.72
791,Will,$925.26
792,Fedora,$772.08
793,Aura,$334.25
794,Drew,$578.87
795,Stephen,$757.37
796,Morten,$22.36
797,Juliane,$555.47
798,Bartholomew,$483.08
799,Parke,$822.55
800,Kalil,$187.20
801,Hamel,$947.21
802,Levin,$27.19
803,Byran,$818.74
804,Garrott,$98.72
805,Hunter,$972.09
806,Carly,$319.67
807,Vivyanne,$16.85
808,Arlan,$952.06
809,Darrel,$153.90
810,Jillian,$253.15
811,Ciro,$416.69
812,Isabella,$832.12
813,Ring,$287.29
814,Debor,$39.16
815,Lauraine,$678.33
816,Patsy,$172.21
817,Adrien,$288.04
818,Dimitri,$126.37
819,Frederich,$498.78
820,Christen,$350.54
821,Trevar,$123.70
822,Maryanna,$429.98
823,Manny,$657.53
824,Terrel,$636.95
825,Audrey,$61.15
826,Law,$776.66
827,Marabel,$929.04
828,Avery,$157.25
829,Courtnay,$274.73
830,Harriet,$401.49
831,Harmon,$391.73
832,Hanna,$455.11
833,Rosabella,$445.89
834,Baird,$656.83
835,Row,$924.78
836,Etienne,$799.36
837,Legra,$649.40
838,Nikola,$23.56
839,Jemmie,$817.92
840,Angelia,$166.96
841,Pen,$756.63
842,Phil,$659.43
843,Adena,$482.76
844,Farris,$102.31
845,Gradeigh,$612.12
846,Pavel,$518.63
847,Clarence,$605.49
848,Margaux,$736.58
849,Mickey,$846.37
850,Babbie,$603.10
851,Jeannie,$177.28
852,Hobey,$759.06
853,Alayne,$753.16
854,Norby,$195.42
855,Yolanthe,$749.18
856,Donna,$984.76
857,Amelina,$253.68
858,Lola,$85.75
859,Arnaldo,$159.55
860,Loralie,$673.92
861,Bree,$561.62
862,Chevy,$158.96
863,Kelbee,$858.14
864,Ahmad,$758.44
865,Bruno,$723.15
866,Myriam,$655.76
867,Aile,$508.68
868,Joly,$631.66
869,Janey,$618.34
870,Tawnya,$204.28
871,Kennett,$831.22
872,Bartolemo,$788.09
873,Gallagher,$984.90
874,Gary,$521.38
875,Ramon,$843.43
876,Nappy,$738.27
877,Remy,$892.52
878,Willow,$170.00
879,Corrina,$585.59
880,Fallon,$620.84
881,Liva,$383.61
882,Jania,$351.31
883,Cathi,$684.73
884,Meryl,$141.75
885,Hildy,$559.61
886,Rutger,$827.89
887,Zuzana,$805.23
888,Peria,$383.93
889,Tyne,$697.17
890,Hieronymus,$802.06
891,Addison,$30.61
892,Rafaellle,$894.60
893,Genni,$313.54
894,Jennie,$38.21
895,Agnola,$638.43
896,Lorenzo,$792.69
897,Albrecht,$523.65
898,Skelly,$765.41
899,Pooh,$361.21
900,Honor,$958.89
901,Sanford,$55.22
902,Mellicent,$310.90
903,Manolo,$445.10
904,Pierre,$381.94
905,Shelden,$635.88
906,George,$685.05
907,Kev,$661.15
908,Palmer,$839.19
909,Nolie,$179.37
910,Laverna,$427.80
911,Aldrich,$39.77
912,Jephthah,$587.01
913,Baxie,$468.65
914,King,$233.46
915,Frankie,$284.09
916,Josepha,$906.45
917,Erik,$634.27
918,Germain,$204.02
919,Michail,$996.88
920,Antonino,$521.67
921,Tamiko,$514.32
922,William,$233.32
923,Roseann,$473.35
924,Michaelina,$161.97
925,Phebe,$642.83
926,Tamiko,$286.09
927,Gareth,$350.94
928,Ingeborg,$206.15
929,Jon,$492.94
930,Leanor,$981.38
931,Kenneth,$577.85
932,Ax,$568.30
933,Karissa,$99.57
934,Raeann,$425.40
935,Hamel,$490.61
936,Frasco,$799.06
937,Charlotte,$604.05
938,Ashely,$609.61
939,Jefferey,$231.92
940,Felix,$866.66
941,Beckie,$205.36
942,Rhiamon,$25.23
943,Frans,$673.89
944,Antonella,$312.70
945,Torrence,$170.91
946,Nata,$443.79
947,Rutter,$410.87
948,Catina,$467.32
949,Alica,$740.63
950,Mikael,$429.01
951,Thorpe,$937.51
952,Jasmin,$899.25
953,Elbertina,$186.62
954,Cherry,$792.52
955,Hillier,$546.90
956,Hillyer,$759.72
957,Theodor,$643.09
958,Rikki,$41.26
959,Mayer,$748.32
960,Towney,$147.54
961,Francyne,$909.77
962,Tanhya,$948.37
963,Dukie,$355.98
964,Corbett,$809.34
965,Kirby,$695.60
966,Mathilda,$364.36
967,Lavinia,$834.32
968,Vick,$843.75
969,Eyde,$649.76
970,Aldon,$226.62
971,Valentijn,$836.30
972,Zacharias,$919.20
973,Frayda,$788.77
974,Wendell,$261.30
975,Ginger,$938.78
976,Isaiah,$377.69
977,Addie,$549.96
978,Jaime,$841.35
979,Carmel,$843.38
980,Ruttger,$963.98
981,Romain,$69.42
982,Fenelia,$290.02
983,Cherise,$971.16
984,Odo,$893.42
985,El,$862.48
986,Eada,$858.21
987,Fredi,$16.97
988,Ardisj,$648.42
989,Lari,$236.41
990,Madlin,$699.56
991,Lauraine,$686.94
992,Elsa,$920.07
993,Zsa zsa,$572.88
994,Darleen,$708.90
995,Nick,$641.49
996,Rosita,$722.48
997,Stephanus,$218.62
998,Elena,$360.00
999,Wynne,$753.12
1000,Thorin,$542.89
